5S	
7SK
7SLRNA
Alu
AluJb
AluJo
AluJr
AluJr4
AluSc
AluSc5
AluSc8
AluSg
AluSg4
AluSg7
AluSp
AluSq
AluSq10
AluSq2
AluSq4
AluSx
AluSx1
AluSx3
AluSx4
AluSz
AluSz6
AluY
AluYa5
AluYa8
AluYb8
AluYb9
AluYc
AluYc3
AluYd8
AluYe5
AluYe6
AluYf1
AluYg6
AluYh3
AluYh7
AluYh9
AluYi6
AluYi6_4d
AluYj4
AluYk11
AluYk12
AluYk2
AluYk3
AluYk4
AluYm1
AmnHarb1
AmnL2-1
AmnSINE1
AmnSINE2
Arthur1
Arthur1A
Arthur1B
Arthur1C
Arthur2
BC200
BLACKJACK
Chap1a_Mam
Chap1_Mam
Charlie1
Charlie10
Charlie10a
Charlie10b
Charlie11
Charlie12
Charlie13a
Charlie13b
Charlie14a
Charlie15a
Charlie15b
Charlie16
Charlie16a
Charlie17
Charlie17a
Charlie17b
Charlie18a
Charlie19a
Charlie1a
Charlie1b
Charlie20a
Charlie21a
Charlie22a
Charlie23a
Charlie24
Charlie25
Charlie26a
Charlie29a
Charlie29b
Charlie2a
Charlie2b
Charlie3
Charlie30a
Charlie30b
Charlie31a
Charlie32a
Charlie4
Charlie4a
Charlie4z
Charlie5
Charlie6
Charlie7
Charlie7a
Charlie8
Charlie9
Cheshire
Chompy-6_Croc
CR1-11_Crp
CR1-12_AMi
CR1-13_AMi
CR1-16_AMi
CR1-1_Amn
CR1-3_Croc
CR1-L3A_Croc
CR1-L3B_Croc
CR1_Mam
DNA-12_Crp
DNA1_Mam
ERV24B_Prim
ERV24_Prim
ERV3-16A3_I
ERV3-16A3_LTR
ERVL
ERVL47
ERVL-B4
ERVL-E
Eulor1
Eulor10
Eulor11
Eulor12
Eulor2A
Eulor2B
Eulor2C
Eulor3
Eulor4
Eulor5A
Eulor5B
Eulor6A
Eulor6B
Eulor6C
Eulor6D
Eulor6E
Eulor7
Eulor8
Eulor9A
Eulor9B
Eulor9C
EuthAT-2
EuthAT-N1
EuthAT-N1a
Eutr10
Eutr11
Eutr15
Eutr16
Eutr18
Eutr2
Eutr2B
Eutr5
EUTREP14
EUTREP15
EUTREP16
EUTREP2
EUTREP4
EUTREP6
EUTREP7
EUTREP8
EutTc1-N1
EutTc1-N2
FAM
FLAM_A
FLAM_C
FordPrefect
FordPrefect_a
FRAM
HAL1
HAL1b
HAL1M8
HAL1ME
Harlequin
hAT-1_Mam
hAT-4b_Ther
hAT-5_Mam
hAT-N1a_Mam
hAT-N1_Mam
Helitron1Na_Mam
Helitron1Nb_Mam
Helitron2Na_Mam
Helitron3Na_Mam
HERV15
HERV16
HERV17
HERV1_I
HERV1_LTRa
HERV1_LTRb
HERV1_LTRc
HERV1_LTRd
HERV1_LTRe
HERV3
HERV30
HERV35I
HERV4_I
HERV9
HERV9N
HERV9NC
HERVE
HERVE_a
HERV-Fc1
HERV-Fc1_LTR1
HERV-Fc1_LTR2
HERV-Fc1_LTR3
HERV-Fc2
HERV-Fc2_LTR
HERVFH19
HERVFH21
HERVH
HERVH48
HERVH-full
HERVI
HERVIP10B3
HERVIP10F
HERVIP10FH
HERVK
HERVK11
HERVK11D
HERVK13
HERVK14
HERVK14C
HERVK22
HERVK3
HERVK9
HERVKC4
HERVK-full
HERVL
HERVL18
HERVL32
HERVL40
HERVL66
HERVL74
HERVP71A
HERVS71
HSMAR1
HSMAR2
HUERS-P1
HUERS-P2
HUERS-P3
HUERS-P3b
HY1
HY3
HY4
HY5
Kanga1
Kanga11a
Kanga1a
Kanga1b
Kanga1c
Kanga1d
Kanga2_a
L1HS
L1M
L1M1
L1M2
L1M2a
L1M2a1
L1M2b
L1M2c
L1M3
L1M3a
L1M3b
L1M3c
L1M3d
L1M3de
L1M3e
L1M3f
L1M4
L1M4a1
L1M4a2
L1M4b
L1M4c
L1M5
L1M6
L1M6B
L1M7
L1M8
L1MA1
L1MA10
L1MA2
L1MA3
L1MA4
L1MA4A
L1MA5
L1MA5A
L1MA6
L1MA7
L1MA8
L1MA9
L1MB1
L1MB2
L1MB3
L1MB4
L1MB5
L1MB7
L1MB8
L1MC
L1MC1
L1MC2
L1MC3
L1MC4
L1MC4a
L1MC5
L1MC5a
L1MCa
L1MCb
L1MCc
L1MD
L1MD1
L1MD2
L1MD3
L1MDa
L1MDb
L1ME1
L1ME2
L1ME2z
L1ME3
L1ME3A
L1ME3B
L1ME3C
L1ME3Cz
L1ME3D
L1ME3E
L1ME3F
L1ME3G
L1ME4a
L1ME4b
L1ME4c
L1ME5
L1MEa
L1MEb
L1MEc
L1MEd
L1MEf
L1MEg
L1MEg1
L1MEg2
L1MEh
L1MEi
L1MEj
L1P
L1P1
L1P2
L1P3
L1P3b
L1P4
L1P4a
L1P4b
L1P4c
L1P4d
L1P4e
L1P5
L1PA10
L1PA11
L1PA12
L1PA13
L1PA14
L1PA15
L1PA15-16
L1PA16
L1PA17
L1PA2
L1PA3
L1PA4
L1PA5
L1PA6
L1PA7
L1PA8
L1PA8A
L1PB
L1PB1
L1PB2
L1PB3
L1PB4
L1PBa
L1PBa1
L1PBb
L1PREC2
L2
L2-1_AMi
L2-1_Crp
L2-2_Mam
L2a
L2b
L2c
L2d
L2d2
L3
L3b
L4_A_Mam
L4_B_Mam
L4_C_Mam
L5
LFSINE_Vert
Looper
LOR1a
LOR1b
LOR1-int
LSU-rRNA_Hsa
LTR06
LTR1
LTR101_Mam
LTR102_Mam
LTR103b_Mam
LTR103_Mam
LTR104_Mam
LTR105_Mam
LTR106_Mam
LTR107_Mam
LTR108a_Mam
LTR108b_Mam
LTR108c_Mam
LTR108d_Mam
LTR108e_Mam
LTR109A2
LTR10A
LTR10B
LTR10B1
LTR10B2
LTR10C
LTR10D
LTR10E
LTR10F
LTR10G
LTR12
LTR12B
LTR12C
LTR12D
LTR12E
LTR12F
LTR13
LTR13A
LTR14
LTR14A
LTR14B
LTR14C
LTR15
LTR16
LTR16A
LTR16A1
LTR16A2
LTR16B
LTR16B1
LTR16B2
LTR16C
LTR16D
LTR16D1
LTR16D2
LTR16E1
LTR16E2
LTR17
LTR18A
LTR18B
LTR18C
LTR19A
LTR19B
LTR19C
LTR19-int
LTR1A1
LTR1A2
LTR1B
LTR1B0
LTR1B1
LTR1C
LTR1C1
LTR1C3
LTR1D
LTR1D1
LTR1E
LTR1F
LTR1F1
LTR1F2
LTR2
LTR21A
LTR21B
LTR21C
LTR22
LTR22A
LTR22B
LTR22B1
LTR22B2
LTR22C
LTR22C0
LTR22C2
LTR22E
LTR23
LTR23-int
LTR24
LTR24B
LTR24C
LTR25
LTR25-int
LTR26
LTR26B
LTR26C
LTR26D
LTR26E
LTR27
LTR2752
LTR27B
LTR27C
LTR27D
LTR27E
LTR28
LTR28B
LTR28C
LTR29
LTR2B
LTR2C
LTR3
LTR30
LTR31
LTR32
LTR33
LTR33A
LTR33B
LTR33C
LTR34
LTR35
LTR35A
LTR35B
LTR36
LTR37A
LTR37B
LTR37-int
LTR38
LTR38A1
LTR38B
LTR38C
LTR38-int
LTR39
LTR39-int
LTR3A
LTR3B
LTR4
LTR40a
LTR40A1
LTR40b
LTR40c
LTR41
LTR41B
LTR41C
LTR42
LTR43
LTR43B
LTR43-int
LTR44
LTR45
LTR45B
LTR45C
LTR46
LTR46-int
LTR47A
LTR47A2
LTR47B
LTR47B2
LTR47B3
LTR47B4
LTR48
LTR48B
LTR49
LTR49-int
LTR5
LTR50
LTR51
LTR52
LTR52-int
LTR53
LTR53B
LTR53-int
LTR54
LTR54B
LTR55
LTR56
LTR57
LTR57-int
LTR58
LTR59
LTR5A
LTR5B
LTR5_Hs
LTR60
LTR60B
LTR61
LTR62
LTR64
LTR65
LTR66
LTR67B
LTR68
LTR69
LTR6A
LTR6B
LTR7
LTR70
LTR71A
LTR71B
LTR72
LTR72B
LTR73
LTR75
LTR75_1
LTR75B
LTR76
LTR77
LTR78
LTR78B
LTR79
LTR7B
LTR7C
LTR7Y
LTR8
LTR80A
LTR80B
LTR81
LTR81A
LTR81AB
LTR81B
LTR81C
LTR82A
LTR82B
LTR83
LTR84a
LTR84b
LTR85a
LTR85b
LTR85c
LTR86A1
LTR86A2
LTR86B1
LTR86B2
LTR86C
LTR87
LTR88a
LTR88b
LTR88c
LTR89
LTR89B
LTR8A
LTR8B
LTR9
LTR90A
LTR90B
LTR91
LTR91A
LTR9A1
LTR9B
LTR9C
LTR9D
MADE1
MADE2
MamGyp-int
MamGypLTR1a
MamGypLTR1b
MamGypLTR1c
MamGypLTR1d
MamGypLTR2b
MamGypLTR2c
MamGypLTR3
MamGypLTR3a
MamGypLTR4
MamGypsy2-I
MamGypsy2-LTR
Mam_R4
MamRep1151
MamRep137
MamRep1527
MamRep1879
MamRep1894
MamRep38
MamRep4096
MamRep434
MamRep488
MamRep564
MamRep605
MamRep605b
MamRTE1
MamRTE2
MamSINE1
MamTip1
MamTip1b
MamTip2
MamTip2b
MamTip3
MamTip3B
MARE10
MARE11
MARE4
MARE6
MARE8
MARE9
MARNA
MER101
MER101B
MER101-int
MER102a
MER102b
MER102c
MER103C
MER104
MER105
MER106A
MER106B
MER107
MER110
MER110A
MER110-int
MER112
MER113
MER113A
MER115
MER117
MER119
MER11A
MER11B
MER11C
MER11D
MER121
MER121B
MER123
MER124
MER125
MER126
MER127
MER129
MER130
MER131
MER132
MER133A
MER133B
MER134
MER135
MER136
MER1A
MER1B
MER2
MER20
MER20B
MER21A
MER21B
MER21C
MER21-int
MER2B
MER3
MER30
MER30B
MER31A
MER31B
MER31-int
MER33
MER34
MER34A
MER34A1
MER34B
MER34B-int
MER34C
MER34C2
MER34D
MER34-int
MER39
MER39B
MER41A
MER41B
MER41C
MER41D
MER41E
MER41G
MER41-int
MER44A
MER44B
MER44C
MER44D
MER45A
MER45B
MER45C
MER45R
MER46C
MER47A
MER47B
MER47C
MER48
MER49
MER4A
MER4A1
MER4B
MER4B-int
MER4C
MER4CL34
MER4D
MER4D0
MER4D1
MER4E
MER4E1
MER4-int
MER50
MER50B
MER50C
MER50-int
MER51A
MER51B
MER51C
MER51D
MER51E
MER51-int
MER52A
MER52C
MER52D
MER52-int
MER53
MER54A
MER54B
MER57A1
MER57A-int
MER57B1
MER57B2
MER57C1
MER57C2
MER57D
MER57E1
MER57E2
MER57E3
MER57F
MER57-int
MER58A
MER58B
MER58C
MER58D
MER5A
MER5A1
MER5B
MER5C
MER5C1
MER6
MER61A
MER61B
MER61C
MER61D
MER61E
MER61F
MER61-int
MER63A
MER63B
MER63C
MER63D
MER65A
MER65B
MER65C
MER65D
MER65-int
MER66A
MER66B
MER66C
MER66D
MER66-int
MER67A
MER67B
MER67C
MER67D
MER68
MER68B
MER68C
MER68-int
MER6A
MER6B
MER6C
MER70A
MER70B
MER70C
MER70-int
MER72
MER72B
MER73
MER74A
MER74B
MER74C
MER75
MER75A
MER75B
MER76
MER76-int
MER77
MER77B
MER8
MER81
MER83
MER83A-int
MER83B
MER83B-int
MER83C
MER84
MER84-int
MER85
MER87
MER87B
MER88
MER89
MER89-int
MER90
MER90a
MER91A
MER91B
MER91C
MER92A
MER92B
MER92C
MER92D
MER92-int
MER94
MER94B
MER95
MER96
MER96B
MER97a
MER97b
MER97c
MER97d
MER99
MER9a1
MER9a2
MER9a3
MER9B
Merlin1_HS
MERX
MIR
MIR1_Amn
MIR3
MIRb
MIRc
MLT1A
MLT1A0
MLT1A1
MLT1B
MLT1C
MLT1C2
MLT1D
MLT1E
MLT1E1
MLT1E1A
MLT1E2
MLT1E3
MLT1F
MLT1F1
MLT1F2
MLT1F-int
MLT1G
MLT1G1
MLT1G3
MLT1H
MLT1H1
MLT1H2
MLT1H-int
MLT1I
MLT1-int
MLT1J
MLT1J1
MLT1J2
MLT1J-int
MLT1K
MLT1L
MLT1M
MLT1N2
MLT1O
MLT2A1
MLT2A2
MLT2B1
MLT2B2
MLT2B3
MLT2B4
MLT2B5
MLT2C1
MLT2C2
MLT2D
MLT2E
MLT2F
MLT-int
MSTA
MSTA1
MSTB
MSTB1
MSTB2
MSTC
MSTD
MST-int
OldhAT1
ORSL
ORSL-2a
ORSL-2b
PABL_A
PABL_A-int
PABL_B
PABL_B-int
Penelope1_Vert
Plat_L3
PRIMA41-int
PRIMA4-int
PRIMA4_LTR
PRIMAX-int
PrimLTR79
Ricksha
Ricksha_0
Ricksha_a
Ricksha_b
Ricksha_c
SSU-rRNA_Hsa
SVA_A
SVA_B
SVA_C
SVA_D
SVA_E
SVA_F
THE1A
THE1B
THE1C
THE1D
THE1D-int
THE1-int
Tigger1
Tigger10
Tigger11a
Tigger12
Tigger12A
Tigger12c
Tigger13a
Tigger14a
Tigger15a
Tigger16a
Tigger16b
Tigger17
Tigger17a
Tigger17b
Tigger17c
Tigger17d
Tigger18a
Tigger19a
Tigger19b
Tigger2
Tigger20a
Tigger21a
Tigger22N1
Tigger23a
Tigger2a
Tigger2b_Pri
Tigger3
Tigger3a
Tigger3b
Tigger3c
Tigger3d
Tigger4
Tigger4a
Tigger4b
Tigger5
Tigger5b
Tigger6
Tigger6a
Tigger6b
Tigger7
Tigger8
Tigger9a
Tigger9b
tRNA-Ala-GCA
tRNA-Ala-GCG
tRNA-Ala-GCY
tRNA-Arg-AGA
tRNA-Arg-AGG
tRNA-Arg-CGA
tRNA-Arg-CGY
tRNA-Asn-AAC
tRNA-Asp-GAY
tRNA-Cys-TGY
tRNA-Gln-CAA
tRNA-Gln-CAG
tRNA-Glu-GAA
tRNA-Glu-GAG
tRNA-Gly-GGA
tRNA-Gly-GGG
tRNA-Gly-GGY
tRNA-His-CAY
tRNA-Ile-ATA
tRNA-Ile-ATC
tRNA-Ile-ATT
tRNA-Leu-CTG
tRNA-Leu-CTY
tRNA-Leu-TTA
tRNA-Leu-TTG
tRNA-Lys-AAA
tRNA-Lys-AAG
tRNA-Met
tRNA-Met-i
tRNA-Phe-TTY
tRNA-Pro-CCA
tRNA-Pro-CCG
tRNA-Pro-CCY
tRNA-Ser-AGY
tRNA-Ser-TCG
tRNA-Ser-TCY
tRNA-Thr-ACA
tRNA-Thr-ACG
tRNA-Thr-ACY
tRNA-Trp-TGG
tRNA-Tyr-TAC
tRNA-Tyr-TAT
tRNA-Val-GTA
tRNA-Val-GTG
tRNA-Val-GTY
U1
U13
U14
U17
U2
U3
U4
U5
U6
U7
U8
UCON1
UCON100
UCON101
UCON103
UCON105
UCON11
UCON12
UCON12A
UCON14
UCON15
UCON16
UCON17
UCON18
UCON19
UCON2
UCON20
UCON21
UCON22
UCON23
UCON24
UCON25
UCON26
UCON28a
UCON28b
UCON28c
UCON29
UCON31
UCON33
UCON34
UCON35
UCON37
UCON38
UCON39
UCON4
UCON40
UCON41
UCON44
UCON47
UCON48
UCON5
UCON51
UCON55
UCON56
UCON57
UCON58
UCON59
UCON6
UCON60
UCON61
UCON62
UCON63
UCON64
UCON65
UCON66
UCON67
UCON68
UCON69
UCON7
UCON70
UCON71
UCON73
UCON75
UCON76
UCON78
UCON8
UCON80
UCON80_AMi
UCON81
UCON83
UCON84
UCON85
UCON86
UCON87
UCON87B
UCON88
UCON89
UCON9
UCON92
UCON93
UCON94
UCON96
UCON97
UCON99
UCON9B
X10b_DNA
X11_DNA
X12_DNA
X12_LINE
X13_LINE
X15_LINE
X17_LINE
X1_DNA
X1_LINE
X1_LR
X20_LINE
X21_LINE
X22_DNA
X23_DNA
X24_DNA
X24_LINE
X26_DNA
X2a_DNA
X2b_DNA
X2_LINE
X30_DNA
X32_DNA
X33a_DNA
X34_DNA
X4a_DNA
X4b_DNA
X5a_DNA
X5B_LINE
X6a_DNA
X6A_LINE
X6b_DNA
X6B_LINE
X7A_LINE
X7B_LINE
X7C_LINE
X7D_LINE
X8_LINE
X9a_DNA
X9b_DNA
X9_LINE
Zaphod
Zaphod2
Zaphod3
Zaphod4a
Zaphod5a
Zaphod5b
