5S	5S
7SK	7SK
7SLRNA	7SLRNA
Alu	Alu
AluJb	Alu
AluJo	Alu
AluJr	Alu
AluJr4	Alu
AluSc	Alu
AluSc5	Alu
AluSc8	Alu
AluSg	Alu
AluSg4	Alu
AluSg7	Alu
AluSp	Alu
AluSq	Alu
AluSq10	Alu
AluSq2	Alu
AluSq4	Alu
AluSx	Alu
AluSx1	Alu
AluSx3	Alu
AluSx4	Alu
AluSz	Alu
AluSz6	Alu
AluY	Alu
AluYa5	Alu
AluYa8	Alu
AluYb8	Alu
AluYb9	Alu
AluYc	Alu
AluYc3	Alu
AluYd8	Alu
AluYe5	Alu
AluYe6	Alu
AluYf1	Alu
AluYg6	Alu
AluYh3	Alu
AluYh7	Alu
AluYh9	Alu
AluYi6	Alu
AluYi6_4d	Alu
AluYj4	Alu
AluYk11	Alu
AluYk12	Alu
AluYk2	Alu
AluYk3	Alu
AluYk4	Alu
AluYm1	Alu
AmnHarb1	AmnHarb1
AmnL2-1	AmnL2-1
AmnSINE1	AmnSINE1
AmnSINE2	AmnSINE2
Arthur1	Arthur1
Arthur1A	Arthur1
Arthur1B	Arthur1
Arthur1C	Arthur1
Arthur2	Arthur2
BC200	BC200
BLACKJACK	BLACKJACK
Chap1a_Mam	Chap1a_Mam
Chap1_Mam	Chap1_Mam
Charlie1	Charlie
Charlie10	Charlie
Charlie10a	Charlie
Charlie10b	Charlie
Charlie11	Charlie
Charlie12	Charlie
Charlie13a	Charlie
Charlie13b	Charlie
Charlie14a	Charlie
Charlie15a	Charlie
Charlie15b	Charlie
Charlie16	Charlie
Charlie16a	Charlie
Charlie17	Charlie
Charlie17a	Charlie
Charlie17b	Charlie
Charlie18a	Charlie
Charlie19a	Charlie
Charlie1a	Charlie
Charlie1b	Charlie
Charlie20a	Charlie
Charlie21a	Charlie
Charlie22a	Charlie
Charlie23a	Charlie
Charlie24	Charlie
Charlie25	Charlie
Charlie26a	Charlie
Charlie29a	Charlie
Charlie29b	Charlie
Charlie2a	Charlie
Charlie2b	Charlie
Charlie3	Charlie
Charlie30a	Charlie
Charlie30b	Charlie
Charlie31a	Charlie
Charlie32a	Charlie
Charlie4	Charlie
Charlie4a	Charlie
Charlie4z	Charlie
Charlie5	Charlie
Charlie6	Charlie
Charlie7	Charlie
Charlie7a	Charlie
Charlie8	Charlie
Charlie9	Charlie
Cheshire	Cheshire
Chompy-6_Croc	Chompy-6_Croc
CR1-11_Crp	CR1-11_Crp
CR1-12_AMi	CR1-12_AMi
CR1-13_AMi	CR1-13_AMi
CR1-16_AMi	CR1-16_AMi
CR1-1_Amn	CR1-1_Amn
CR1-3_Croc	CR1-3_Croc
CR1-L3A_Croc	CR1-L3A_Croc
CR1-L3B_Croc	CR1-L3B_Croc
CR1_Mam	CR1_Mam
DNA-12_Crp	DNA-12_Crp
DNA1_Mam	DNA1_Mam
ERV24B_Prim	ERV24B_Prim
ERV24_Prim	ERV24_Prim
ERV3-16A3_I	ERV3-16A3_I
ERV3-16A3_LTR	ERV3-16A3_LTR
ERVL	ERVL
ERVL47	ERVL47
ERVL-B4	ERVL-B4
ERVL-E	ERVL-E
Eulor1	Eulor
Eulor10	Eulor
Eulor11	Eulor
Eulor12	Eulor
Eulor2A	Eulor
Eulor2B	Eulor
Eulor2C	Eulor
Eulor3	Eulor
Eulor4	Eulor
Eulor5A	Eulor
Eulor5B	Eulor
Eulor6A	Eulor
Eulor6B	Eulor
Eulor6C	Eulor
Eulor6D	Eulor
Eulor6E	Eulor
Eulor7	Eulor
Eulor8	Eulor
Eulor9A	Eulor
Eulor9B	Eulor
Eulor9C	Eulor
EuthAT-2	EuthAT-2
EuthAT-N1	EuthAT-N1
EuthAT-N1a	EuthAT-N1a
Eutr10	Eutr10
Eutr11	Eutr11
Eutr15	Eutr15
Eutr16	Eutr16
Eutr18	Eutr18
Eutr2	Eutr2
Eutr2B	Eutr2B
Eutr5	Eutr5
EUTREP14	EUTREP14
EUTREP15	EUTREP15
EUTREP16	EUTREP16
EUTREP2	EUTREP2
EUTREP4	EUTREP4
EUTREP6	EUTREP6
EUTREP7	EUTREP7
EUTREP8	EUTREP8
EutTc1-N1	EutTc1-N1
EutTc1-N2	EutTc1-N2
FAM	FAM
FLAM_A	FLAM_A
FLAM_C	FLAM_C
FordPrefect	FordPrefect
FordPrefect_a	FordPrefect_a
FRAM	FRAM
HAL1	HAL1
HAL1b	HAL1b
HAL1M8	HAL1M8
HAL1ME	HAL1ME
Harlequin	Harlequin
hAT-1_Mam	hAT-1_Mam
hAT-4b_Ther	hAT-4b_Ther
hAT-5_Mam	hAT-5_Mam
hAT-N1a_Mam	hAT-N1a_Mam
hAT-N1_Mam	hAT-N1_Mam
Helitron1Na_Mam	Helitron1Na_Mam
Helitron1Nb_Mam	Helitron1Nb_Mam
Helitron2Na_Mam	Helitron2Na_Mam
Helitron3Na_Mam	Helitron3Na_Mam
HERV15	HERV
HERV16	HERV
HERV17	HERV
HERV1_I	HERV
HERV1_LTRa	HERV
HERV1_LTRb	HERV
HERV1_LTRc	HERV
HERV1_LTRd	HERV
HERV1_LTRe	HERV
HERV3	HERV
HERV30	HERV
HERV35I	HERV
HERV4_I	HERV
HERV9	HERV
HERV9N	HERV
HERV9NC	HERV
HERVE	HERV
HERVE_a	HERV
HERV-Fc1	HERV
HERV-Fc1_LTR1	HERV
HERV-Fc1_LTR2	HERV
HERV-Fc1_LTR3	HERV
HERV-Fc2	HERV
HERV-Fc2_LTR	HERV
HERVFH19	HERV
HERVFH21	HERV
HERVH	HERV
HERVH48	HERV
HERVH-full	HERV
HERVI	HERV
HERVIP10B3	HERV
HERVIP10F	HERV
HERVIP10FH	HERV
HERVK	HERV
HERVK11	HERV
HERVK11D	HERV
HERVK13	HERV
HERVK14	HERV
HERVK14C	HERV
HERVK22	HERV
HERVK3	HERV
HERVK9	HERV
HERVKC4	HERV
HERVK-full	HERV
HERVL	HERV
HERVL18	HERV
HERVL32	HERV
HERVL40	HERV
HERVL66	HERV
HERVL74	HERV
HERVP71A	HERV
HERVS71	HERV
HSMAR1	HSMAR
HSMAR2	HSMAR
HUERS-P1	HUERS
HUERS-P2	HUERS
HUERS-P3	HUERS
HUERS-P3b	HUERS
HY1	HY1
HY3	HY3
HY4	HY4
HY5	HY5
Kanga1	Kanga1
Kanga11a	Kanga11
Kanga1a	Kanga1
Kanga1b	Kanga1
Kanga1c	Kanga1
Kanga1d	Kanga1
Kanga2_a	Kanga2
L1HS	L1
L1M	L1
L1M1	L1
L1M2	L1
L1M2a	L1
L1M2a1	L1
L1M2b	L1
L1M2c	L1
L1M3	L1
L1M3a	L1
L1M3b	L1
L1M3c	L1
L1M3d	L1
L1M3de	L1
L1M3e	L1
L1M3f	L1
L1M4	L1
L1M4a1	L1
L1M4a2	L1
L1M4b	L1
L1M4c	L1
L1M5	L1
L1M6	L1
L1M6B	L1
L1M7	L1
L1M8	L1
L1MA1	L1
L1MA10	L1
L1MA2	L1
L1MA3	L1
L1MA4	L1
L1MA4A	L1
L1MA5	L1
L1MA5A	L1
L1MA6	L1
L1MA7	L1
L1MA8	L1
L1MA9	L1
L1MB1	L1
L1MB2	L1
L1MB3	L1
L1MB4	L1
L1MB5	L1
L1MB7	L1
L1MB8	L1
L1MC	L1
L1MC1	L1
L1MC2	L1
L1MC3	L1
L1MC4	L1
L1MC4a	L1
L1MC5	L1
L1MC5a	L1
L1MCa	L1
L1MCb	L1
L1MCc	L1
L1MD	L1
L1MD1	L1
L1MD2	L1
L1MD3	L1
L1MDa	L1
L1MDb	L1
L1ME1	L1
L1ME2	L1
L1ME2z	L1
L1ME3	L1
L1ME3A	L1
L1ME3B	L1
L1ME3C	L1
L1ME3Cz	L1
L1ME3D	L1
L1ME3E	L1
L1ME3F	L1
L1ME3G	L1
L1ME4a	L1
L1ME4b	L1
L1ME4c	L1
L1ME5	L1
L1MEa	L1
L1MEb	L1
L1MEc	L1
L1MEd	L1
L1MEf	L1
L1MEg	L1
L1MEg1	L1
L1MEg2	L1
L1MEh	L1
L1MEi	L1
L1MEj	L1
L1P	L1
L1P1	L1
L1P2	L1
L1P3	L1
L1P3b	L1
L1P4	L1
L1P4a	L1
L1P4b	L1
L1P4c	L1
L1P4d	L1
L1P4e	L1
L1P5	L1
L1PA10	L1
L1PA11	L1
L1PA12	L1
L1PA13	L1
L1PA14	L1
L1PA15	L1
L1PA15-16	L1
L1PA16	L1
L1PA17	L1
L1PA2	L1
L1PA3	L1
L1PA4	L1
L1PA5	L1
L1PA6	L1
L1PA7	L1
L1PA8	L1
L1PA8A	L1
L1PB	L1
L1PB1	L1
L1PB2	L1
L1PB3	L1
L1PB4	L1
L1PBa	L1
L1PBa1	L1
L1PBb	L1
L1PREC2	L1
L2	L2
L2-1_AMi	L2
L2-1_Crp	L2
L2-2_Mam	L2
L2a	L2
L2b	L2
L2c	L2
L2d	L2
L2d2	L2
L3	L3
L3b	L3
L4_A_Mam	L4
L4_B_Mam	L4
L4_C_Mam	L4
L5	L5
LFSINE_Vert	LFSINE_Vert
Looper	Looper
LOR1a	LOR1
LOR1b	LOR1
LOR1-int	LOR1
LSU-rRNA_Hsa	LSU-rRNA_Hsa
LTR06	LTR
LTR1	LTR
LTR101_Mam	LTR
LTR102_Mam	LTR
LTR103b_Mam	LTR
LTR103_Mam	LTR
LTR104_Mam	LTR
LTR105_Mam	LTR
LTR106_Mam	LTR
LTR107_Mam	LTR
LTR108a_Mam	LTR
LTR108b_Mam	LTR
LTR108c_Mam	LTR
LTR108d_Mam	LTR
LTR108e_Mam	LTR
LTR109A2	LTR
LTR10A	LTR
LTR10B	LTR
LTR10B1	LTR
LTR10B2	LTR
LTR10C	LTR
LTR10D	LTR
LTR10E	LTR
LTR10F	LTR
LTR10G	LTR
LTR12	LTR
LTR12B	LTR
LTR12C	LTR
LTR12D	LTR
LTR12E	LTR
LTR12F	LTR
LTR13	LTR
LTR13A	LTR
LTR14	LTR
LTR14A	LTR
LTR14B	LTR
LTR14C	LTR
LTR15	LTR
LTR16	LTR
LTR16A	LTR
LTR16A1	LTR
LTR16A2	LTR
LTR16B	LTR
LTR16B1	LTR
LTR16B2	LTR
LTR16C	LTR
LTR16D	LTR
LTR16D1	LTR
LTR16D2	LTR
LTR16E1	LTR
LTR16E2	LTR
LTR17	LTR
LTR18A	LTR
LTR18B	LTR
LTR18C	LTR
LTR19A	LTR
LTR19B	LTR
LTR19C	LTR
LTR19-int	LTR
LTR1A1	LTR
LTR1A2	LTR
LTR1B	LTR
LTR1B0	LTR
LTR1B1	LTR
LTR1C	LTR
LTR1C1	LTR
LTR1C3	LTR
LTR1D	LTR
LTR1D1	LTR
LTR1E	LTR
LTR1F	LTR
LTR1F1	LTR
LTR1F2	LTR
LTR2	LTR
LTR21A	LTR
LTR21B	LTR
LTR21C	LTR
LTR22	LTR
LTR22A	LTR
LTR22B	LTR
LTR22B1	LTR
LTR22B2	LTR
LTR22C	LTR
LTR22C0	LTR
LTR22C2	LTR
LTR22E	LTR
LTR23	LTR
LTR23-int	LTR
LTR24	LTR
LTR24B	LTR
LTR24C	LTR
LTR25	LTR
LTR25-int	LTR
LTR26	LTR
LTR26B	LTR
LTR26C	LTR
LTR26D	LTR
LTR26E	LTR
LTR27	LTR
LTR2752	LTR
LTR27B	LTR
LTR27C	LTR
LTR27D	LTR
LTR27E	LTR
LTR28	LTR
LTR28B	LTR
LTR28C	LTR
LTR29	LTR
LTR2B	LTR
LTR2C	LTR
LTR3	LTR
LTR30	LTR
LTR31	LTR
LTR32	LTR
LTR33	LTR
LTR33A	LTR
LTR33B	LTR
LTR33C	LTR
LTR34	LTR
LTR35	LTR
LTR35A	LTR
LTR35B	LTR
LTR36	LTR
LTR37A	LTR
LTR37B	LTR
LTR37-int	LTR
LTR38	LTR
LTR38A1	LTR
LTR38B	LTR
LTR38C	LTR
LTR38-int	LTR
LTR39	LTR
LTR39-int	LTR
LTR3A	LTR
LTR3B	LTR
LTR4	LTR
LTR40a	LTR
LTR40A1	LTR
LTR40b	LTR
LTR40c	LTR
LTR41	LTR
LTR41B	LTR
LTR41C	LTR
LTR42	LTR
LTR43	LTR
LTR43B	LTR
LTR43-int	LTR
LTR44	LTR
LTR45	LTR
LTR45B	LTR
LTR45C	LTR
LTR46	LTR
LTR46-int	LTR
LTR47A	LTR
LTR47A2	LTR
LTR47B	LTR
LTR47B2	LTR
LTR47B3	LTR
LTR47B4	LTR
LTR48	LTR
LTR48B	LTR
LTR49	LTR
LTR49-int	LTR
LTR5	LTR
LTR50	LTR
LTR51	LTR
LTR52	LTR
LTR52-int	LTR
LTR53	LTR
LTR53B	LTR
LTR53-int	LTR
LTR54	LTR
LTR54B	LTR
LTR55	LTR
LTR56	LTR
LTR57	LTR
LTR57-int	LTR
LTR58	LTR
LTR59	LTR
LTR5A	LTR
LTR5B	LTR
LTR5_Hs	LTR
LTR60	LTR
LTR60B	LTR
LTR61	LTR
LTR62	LTR
LTR64	LTR
LTR65	LTR
LTR66	LTR
LTR67B	LTR
LTR68	LTR
LTR69	LTR
LTR6A	LTR
LTR6B	LTR
LTR7	LTR
LTR70	LTR
LTR71A	LTR
LTR71B	LTR
LTR72	LTR
LTR72B	LTR
LTR73	LTR
LTR75	LTR
LTR75_1	LTR
LTR75B	LTR
LTR76	LTR
LTR77	LTR
LTR78	LTR
LTR78B	LTR
LTR79	LTR
LTR7B	LTR
LTR7C	LTR
LTR7Y	LTR
LTR8	LTR
LTR80A	LTR
LTR80B	LTR
LTR81	LTR
LTR81A	LTR
LTR81AB	LTR
LTR81B	LTR
LTR81C	LTR
LTR82A	LTR
LTR82B	LTR
LTR83	LTR
LTR84a	LTR
LTR84b	LTR
LTR85a	LTR
LTR85b	LTR
LTR85c	LTR
LTR86A1	LTR
LTR86A2	LTR
LTR86B1	LTR
LTR86B2	LTR
LTR86C	LTR
LTR87	LTR
LTR88a	LTR
LTR88b	LTR
LTR88c	LTR
LTR89	LTR
LTR89B	LTR
LTR8A	LTR
LTR8B	LTR
LTR9	LTR
LTR90A	LTR
LTR90B	LTR
LTR91	LTR
LTR91A	LTR
LTR9A1	LTR
LTR9B	LTR
LTR9C	LTR
LTR9D	LTR
MADE1	MADE
MADE2	MADE
MamGyp-int	MamGyp
MamGypLTR1a	MamGyp
MamGypLTR1b	MamGyp
MamGypLTR1c	MamGyp
MamGypLTR1d	MamGyp
MamGypLTR2b	MamGyp
MamGypLTR2c	MamGyp
MamGypLTR3	MamGyp
MamGypLTR3a	MamGyp
MamGypLTR4	MamGyp
MamGypsy2-I	MamGyp
MamGypsy2-LTR	MamGyp
Mam_R4	Mam
MamRep1151	MamRep
MamRep137	MamRep
MamRep1527	MamRep
MamRep1879	MamRep
MamRep1894	MamRep
MamRep38	MamRep
MamRep4096	MamRep
MamRep434	MamRep
MamRep488	MamRep
MamRep564	MamRep
MamRep605	MamRep
MamRep605b	MamRep
MamRTE1	MamRTE1
MamRTE2	MamRTE2
MamSINE1	MamSINE1
MamTip1	MamTip
MamTip1b	MamTip
MamTip2	MamTip
MamTip2b	MamTip
MamTip3	MamTip
MamTip3B	MamTip
MARE10	MARE
MARE11	MARE
MARE4	MARE
MARE6	MARE
MARE8	MARE
MARE9	MARE
MARNA	MARNA
MER101	MER
MER101B	MER
MER101-int	MER
MER102a	MER
MER102b	MER
MER102c	MER
MER103C	MER
MER104	MER
MER105	MER
MER106A	MER
MER106B	MER
MER107	MER
MER110	MER
MER110A	MER
MER110-int	MER
MER112	MER
MER113	MER
MER113A	MER
MER115	MER
MER117	MER
MER119	MER
MER11A	MER
MER11B	MER
MER11C	MER
MER11D	MER
MER121	MER
MER121B	MER
MER123	MER
MER124	MER
MER125	MER
MER126	MER
MER127	MER
MER129	MER
MER130	MER
MER131	MER
MER132	MER
MER133A	MER
MER133B	MER
MER134	MER
MER135	MER
MER136	MER
MER1A	MER
MER1B	MER
MER2	MER
MER20	MER
MER20B	MER
MER21A	MER
MER21B	MER
MER21C	MER
MER21-int	MER
MER2B	MER
MER3	MER
MER30	MER
MER30B	MER
MER31A	MER
MER31B	MER
MER31-int	MER
MER33	MER
MER34	MER
MER34A	MER
MER34A1	MER
MER34B	MER
MER34B-int	MER
MER34C	MER
MER34C2	MER
MER34D	MER
MER34-int	MER
MER39	MER
MER39B	MER
MER41A	MER
MER41B	MER
MER41C	MER
MER41D	MER
MER41E	MER
MER41G	MER
MER41-int	MER
MER44A	MER
MER44B	MER
MER44C	MER
MER44D	MER
MER45A	MER
MER45B	MER
MER45C	MER
MER45R	MER
MER46C	MER
MER47A	MER
MER47B	MER
MER47C	MER
MER48	MER
MER49	MER
MER4A	MER
MER4A1	MER
MER4B	MER
MER4B-int	MER
MER4C	MER
MER4CL34	MER
MER4D	MER
MER4D0	MER
MER4D1	MER
MER4E	MER
MER4E1	MER
MER4-int	MER
MER50	MER
MER50B	MER
MER50C	MER
MER50-int	MER
MER51A	MER
MER51B	MER
MER51C	MER
MER51D	MER
MER51E	MER
MER51-int	MER
MER52A	MER
MER52C	MER
MER52D	MER
MER52-int	MER
MER53	MER
MER54A	MER
MER54B	MER
MER57A1	MER
MER57A-int	MER
MER57B1	MER
MER57B2	MER
MER57C1	MER
MER57C2	MER
MER57D	MER
MER57E1	MER
MER57E2	MER
MER57E3	MER
MER57F	MER
MER57-int	MER
MER58A	MER
MER58B	MER
MER58C	MER
MER58D	MER
MER5A	MER
MER5A1	MER
MER5B	MER
MER5C	MER
MER5C1	MER
MER6	MER
MER61A	MER
MER61B	MER
MER61C	MER
MER61D	MER
MER61E	MER
MER61F	MER
MER61-int	MER
MER63A	MER
MER63B	MER
MER63C	MER
MER63D	MER
MER65A	MER
MER65B	MER
MER65C	MER
MER65D	MER
MER65-int	MER
MER66A	MER
MER66B	MER
MER66C	MER
MER66D	MER
MER66-int	MER
MER67A	MER
MER67B	MER
MER67C	MER
MER67D	MER
MER68	MER
MER68B	MER
MER68C	MER
MER68-int	MER
MER6A	MER
MER6B	MER
MER6C	MER
MER70A	MER
MER70B	MER
MER70C	MER
MER70-int	MER
MER72	MER
MER72B	MER
MER73	MER
MER74A	MER
MER74B	MER
MER74C	MER
MER75	MER
MER75A	MER
MER75B	MER
MER76	MER
MER76-int	MER
MER77	MER
MER77B	MER
MER8	MER
MER81	MER
MER83	MER
MER83A-int	MER
MER83B	MER
MER83B-int	MER
MER83C	MER
MER84	MER
MER84-int	MER
MER85	MER
MER87	MER
MER87B	MER
MER88	MER
MER89	MER
MER89-int	MER
MER90	MER
MER90a	MER
MER91A	MER
MER91B	MER
MER91C	MER
MER92A	MER
MER92B	MER
MER92C	MER
MER92D	MER
MER92-int	MER
MER94	MER
MER94B	MER
MER95	MER
MER96	MER
MER96B	MER
MER97a	MER
MER97b	MER
MER97c	MER
MER97d	MER
MER99	MER
MER9a1	MER
MER9a2	MER
MER9a3	MER
MER9B	MER
Merlin1_HS	Merlin
MERX	MERX
MIR	MIR
MIR1_Amn	MIR
MIR3	MIR
MIRb	MIR
MIRc	MIR
MLT1A	MLT
MLT1A0	MLT
MLT1A1	MLT
MLT1B	MLT
MLT1C	MLT
MLT1C2	MLT
MLT1D	MLT
MLT1E	MLT
MLT1E1	MLT
MLT1E1A	MLT
MLT1E2	MLT
MLT1E3	MLT
MLT1F	MLT
MLT1F1	MLT
MLT1F2	MLT
MLT1F-int	MLT
MLT1G	MLT
MLT1G1	MLT
MLT1G3	MLT
MLT1H	MLT
MLT1H1	MLT
MLT1H2	MLT
MLT1H-int	MLT
MLT1I	MLT
MLT1-int	MLT
MLT1J	MLT
MLT1J1	MLT
MLT1J2	MLT
MLT1J-int	MLT
MLT1K	MLT
MLT1L	MLT
MLT1M	MLT
MLT1N2	MLT
MLT1O	MLT
MLT2A1	MLT
MLT2A2	MLT
MLT2B1	MLT
MLT2B2	MLT
MLT2B3	MLT
MLT2B4	MLT
MLT2B5	MLT
MLT2C1	MLT
MLT2C2	MLT
MLT2D	MLT
MLT2E	MLT
MLT2F	MLT
MLT-int	MLT
MSTA	MST
MSTA1	MST
MSTB	MST
MSTB1	MST
MSTB2	MST
MSTC	MST
MSTD	MST
MST-int	MST
OldhAT1	OldhAT1
ORSL	ORSL
ORSL-2a	ORSL
ORSL-2b	ORSL
PABL_A	PABL
PABL_A-int	PABL
PABL_B	PABL
PABL_B-int	PABL
Penelope1_Vert	Penelope1_Vert
Plat_L3	Plat_L3
PRIMA41-int	PRIMA
PRIMA4-int	PRIMA
PRIMA4_LTR	PRIMA
PRIMAX-int	PRIMA
PrimLTR79	PrimLTR79
Ricksha	Ricksha
Ricksha_0	Ricksha
Ricksha_a	Ricksha
Ricksha_b	Ricksha
Ricksha_c	Ricksha
SSU-rRNA_Hsa	SSU-rRNA_Hsa
SVA_A	SVA
SVA_B	SVA
SVA_C	SVA
SVA_D	SVA
SVA_E	SVA
SVA_F	SVA
THE1A	THE
THE1B	THE
THE1C	THE
THE1D	THE
THE1D-int	THE
THE1-int	THE
Tigger1	Tigger
Tigger10	Tigger
Tigger11a	Tigger
Tigger12	Tigger
Tigger12A	Tigger
Tigger12c	Tigger
Tigger13a	Tigger
Tigger14a	Tigger
Tigger15a	Tigger
Tigger16a	Tigger
Tigger16b	Tigger
Tigger17	Tigger
Tigger17a	Tigger
Tigger17b	Tigger
Tigger17c	Tigger
Tigger17d	Tigger
Tigger18a	Tigger
Tigger19a	Tigger
Tigger19b	Tigger
Tigger2	Tigger
Tigger20a	Tigger
Tigger21a	Tigger
Tigger22N1	Tigger
Tigger23a	Tigger
Tigger2a	Tigger
Tigger2b_Pri	Tigger
Tigger3	Tigger
Tigger3a	Tigger
Tigger3b	Tigger
Tigger3c	Tigger
Tigger3d	Tigger
Tigger4	Tigger
Tigger4a	Tigger
Tigger4b	Tigger
Tigger5	Tigger
Tigger5b	Tigger
Tigger6	Tigger
Tigger6a	Tigger
Tigger6b	Tigger
Tigger7	Tigger
Tigger8	Tigger
Tigger9a	Tigger
Tigger9b	Tigger
tRNA-Ala-GCA	tRNA
tRNA-Ala-GCG	tRNA
tRNA-Ala-GCY	tRNA
tRNA-Arg-AGA	tRNA
tRNA-Arg-AGG	tRNA
tRNA-Arg-CGA	tRNA
tRNA-Arg-CGY	tRNA
tRNA-Asn-AAC	tRNA
tRNA-Asp-GAY	tRNA
tRNA-Cys-TGY	tRNA
tRNA-Gln-CAA	tRNA
tRNA-Gln-CAG	tRNA
tRNA-Glu-GAA	tRNA
tRNA-Glu-GAG	tRNA
tRNA-Gly-GGA	tRNA
tRNA-Gly-GGG	tRNA
tRNA-Gly-GGY	tRNA
tRNA-His-CAY	tRNA
tRNA-Ile-ATA	tRNA
tRNA-Ile-ATC	tRNA
tRNA-Ile-ATT	tRNA
tRNA-Leu-CTG	tRNA
tRNA-Leu-CTY	tRNA
tRNA-Leu-TTA	tRNA
tRNA-Leu-TTG	tRNA
tRNA-Lys-AAA	tRNA
tRNA-Lys-AAG	tRNA
tRNA-Met	tRNA
tRNA-Met-i	tRNA
tRNA-Phe-TTY	tRNA
tRNA-Pro-CCA	tRNA
tRNA-Pro-CCG	tRNA
tRNA-Pro-CCY	tRNA
tRNA-Ser-AGY	tRNA
tRNA-Ser-TCG	tRNA
tRNA-Ser-TCY	tRNA
tRNA-Thr-ACA	tRNA
tRNA-Thr-ACG	tRNA
tRNA-Thr-ACY	tRNA
tRNA-Trp-TGG	tRNA
tRNA-Tyr-TAC	tRNA
tRNA-Tyr-TAT	tRNA
tRNA-Val-GTA	tRNA
tRNA-Val-GTG	tRNA
tRNA-Val-GTY	tRNA
U1	U
U13	U
U14	U
U17	U
U2	U
U3	U
U4	U
U5	U
U6	U
U7	U
U8	U
UCON1	UCON
UCON100	UCON
UCON101	UCON
UCON103	UCON
UCON105	UCON
UCON11	UCON
UCON12	UCON
UCON12A	UCON
UCON14	UCON
UCON15	UCON
UCON16	UCON
UCON17	UCON
UCON18	UCON
UCON19	UCON
UCON2	UCON
UCON20	UCON
UCON21	UCON
UCON22	UCON
UCON23	UCON
UCON24	UCON
UCON25	UCON
UCON26	UCON
UCON28a	UCON
UCON28b	UCON
UCON28c	UCON
UCON29	UCON
UCON31	UCON
UCON33	UCON
UCON34	UCON
UCON35	UCON
UCON37	UCON
UCON38	UCON
UCON39	UCON
UCON4	UCON
UCON40	UCON
UCON41	UCON
UCON44	UCON
UCON47	UCON
UCON48	UCON
UCON5	UCON
UCON51	UCON
UCON55	UCON
UCON56	UCON
UCON57	UCON
UCON58	UCON
UCON59	UCON
UCON6	UCON
UCON60	UCON
UCON61	UCON
UCON62	UCON
UCON63	UCON
UCON64	UCON
UCON65	UCON
UCON66	UCON
UCON67	UCON
UCON68	UCON
UCON69	UCON
UCON7	UCON
UCON70	UCON
UCON71	UCON
UCON73	UCON
UCON75	UCON
UCON76	UCON
UCON78	UCON
UCON8	UCON
UCON80	UCON
UCON80_AMi	UCON
UCON81	UCON
UCON83	UCON
UCON84	UCON
UCON85	UCON
UCON86	UCON
UCON87	UCON
UCON87B	UCON
UCON88	UCON
UCON89	UCON
UCON9	UCON
UCON92	UCON
UCON93	UCON
UCON94	UCON
UCON96	UCON
UCON97	UCON
UCON99	UCON
UCON9B	UCON
X10b_DNA	X
X11_DNA	X
X12_DNA	X
X12_LINE	X
X13_LINE	X
X15_LINE	X
X17_LINE	X
X1_DNA	X
X1_LINE	X
X1_LR	X
X20_LINE	X
X21_LINE	X
X22_DNA	X
X23_DNA	X
X24_DNA	X
X24_LINE	X
X26_DNA	X
X2a_DNA	X
X2b_DNA	X
X2_LINE	X
X30_DNA	X
X32_DNA	X
X33a_DNA	X
X34_DNA	X
X4a_DNA	X
X4b_DNA	X
X5a_DNA	X
X5B_LINE	X
X6a_DNA	X
X6A_LINE	X
X6b_DNA	X
X6B_LINE	X
X7A_LINE	X
X7B_LINE	X
X7C_LINE	X
X7D_LINE	X
X8_LINE	X
X9a_DNA	X
X9b_DNA	X
X9_LINE	X
Zaphod	Zaphod
Zaphod2	Zaphod
Zaphod3	Zaphod
Zaphod4a	Zaphod
Zaphod5a	Zaphod
Zaphod5b	Zaphod
